Category,Sub Category,Name,Description,Nutritional value,Allergens
Breakfast,Hardee’s® Made from Scratch Biscuits™,"Sausage, Egg & Cheese Biscuit ","A folded egg, sausage patty and American cheese  on a freshly-baked Made from Scratch Biscuit™.","{'Serving Size': '186g', 'Calories': '610', 'Calories from Fat': '380', 'Fat': '42g', 'Saturated Fat': '18g', 'Trans Fat': '0g', 'Cholesterol': '200mg', 'Sodium': '1380mg', 'Carbohydrates': '38g', 'Dietary Fiber': '2g', 'Sugars': '3g', 'Protein': '20g'}","Egg, Milk, Soy, Wheat"
Breakfast,Burritos and more,Ham Grilled Cheese Breakfast Sandwich ,"The Grilled Cheese Breakfast Sandwich loaded with American and Swiss Cheese, Folded Egg, and Ham.","{'Serving Size': '202g', 'Calories': '500', 'Calories from Fat': '230', 'Fat': '26g', 'Saturated Fat': '10g', 'Trans Fat': '0.5g', 'Cholesterol': '210mg', 'Sodium': '1610mg', 'Carbohydrates': '43g', 'Dietary Fiber': '2g', 'Sugars': '4g', 'Protein': '34g'}","Egg, Milk, Soy, Wheat"
Breakfast,Burritos and more,Loaded Breakfast Burrito,"Scrambled Eggs, Sausage, Ham, Bacon Bits, Hash Rounds®,Shredded Cheese, and Fresh Salsa Wrapped in a Warm Flour Tortilla.","{'Serving Size': '301g', 'Calories': '760', 'Calories from Fat': '430', 'Fat': '48g', 'Saturated Fat': '16g', 'Trans Fat': '0g', 'Cholesterol': '370mg', 'Sodium': '1330mg', 'Carbohydrates': '46g', 'Dietary Fiber': '3g', 'Sugars': '2g', 'Protein': '33g'}","Egg, Milk, Soy, Wheat"
Breakfast,Hardee’s® Made from Scratch Biscuits™,Made From Scratch Biscuit™,"Freshly-baked daily, Made from Scratch Biscuit™.","{'Serving Size': '86g', 'Calories': '290', 'Calories from Fat': '120', 'Fat': '13g', 'Saturated Fat': '7g', 'Trans Fat': '0g', 'Cholesterol': '0mg', 'Sodium': '730mg', 'Carbohydrates': '37g', 'Dietary Fiber': '2g', 'Sugars': '2g', 'Protein': '6g'}","Milk, Soy, Wheat"
Breakfast,Burritos and more,Big Country® Breakfast Burrito,"Warm sausage gravy, smothered over scrambled eggs, sausage, ham, bacon bits, Hash Rounds®, and shredded cheese, all wrapped in a warm flour tortilla.","{'Serving Size': '259g', 'Calories': '660', 'Calories from Fat': '360', 'Fat': '40g', 'Saturated Fat': '12g', 'Trans Fat': '0g', 'Cholesterol': '345mg', 'Sodium': '1140mg', 'Carbohydrates': '45g', 'Dietary Fiber': '2g', 'Sugars': '1g', 'Protein': '26g'}","Egg, Milk, Soy, Wheat"
Breakfast,Hardee’s® Made from Scratch Biscuits™,Monster Biscuit®,"It starts with bacon, then a sausage patty, two folded eggs and Swiss and American cheese all piled high on a freshly-baked Made from Scratch Biscuit™.","{'Serving Size': '258g', 'Calories': '820', 'Calories from Fat': '530', 'Fat': '59g', 'Saturated Fat': '24g', 'Trans Fat': '0.5g', 'Cholesterol': '385mg', 'Sodium': '1930mg', 'Carbohydrates': '39g', 'Dietary Fiber': '2g', 'Sugars': '4g', 'Protein': '32g'}","Egg, Milk, Soy, Wheat"
Breakfast,Hardee’s® Made from Scratch Biscuits™,Chorizo and Egg Biscuit,,"{'Serving Size': '184g', 'Calories': '550', 'Calories from Fat': '290', 'Fat': '33g', 'Saturated Fat': '15g', 'Trans Fat': '0g', 'Cholesterol': '260mg', 'Sodium': '1390mg', 'Carbohydrates': '45g', 'Dietary Fiber': '3g', 'Sugars': '4g', 'Protein': '21g'}","Egg, Milk, Soy, Wheat"
Breakfast,Burritos and more,Bacon Grilled Cheese Breakfast Sandwich ,"The Grilled Cheese Breakfast Sandwich loaded with American and Swiss Cheese, Folded Egg, and Bacon. ","{'Serving Size': '184g', 'Calories': '550', 'Calories from Fat': '280', 'Fat': '32g', 'Saturated Fat': '13g', 'Trans Fat': '0.5g', 'Cholesterol': '210mg', 'Sodium': '1410mg', 'Carbohydrates': '43g', 'Dietary Fiber': '2g', 'Sugars': '3g', 'Protein': '34g'}","Egg, Milk, Soy, Wheat"
Breakfast,Hardee’s® Made from Scratch Biscuits™,Biscuit ‘N’ Gravy™,Freshly-baked Made from Scratch Biscuit™ smothered in sausage gravy.,"{'Serving Size': '228g', 'Calories': '450', 'Calories from Fat': '220', 'Fat': '24g', 'Saturated Fat': '12g', 'Trans Fat': '0g', 'Cholesterol': '10mg', 'Sodium': '1320mg', 'Carbohydrates': '50g', 'Dietary Fiber': '3g', 'Sugars': '3g', 'Protein': '9g'}","Milk, Soy, Wheat"
Breakfast,Hardee’s® Made from Scratch Biscuits™,"Bacon, Egg & Cheese Biscuit ","Folded egg, slices of crispy bacon and American cheese all on a freshly-baked Made from Scratch Biscuit™.","{'Serving Size': '157g', 'Calories': '480', 'Calories from Fat': '260', 'Fat': '29g', 'Saturated Fat': '13g', 'Trans Fat': '0g', 'Cholesterol': '185mg', 'Sodium': '1250mg', 'Carbohydrates': '38g', 'Dietary Fiber': '2g', 'Sugars': '3g', 'Protein': '18g'}","Egg, Milk, Soy, Wheat"
Breakfast,Burritos and more,Sausage Grilled Cheese Breakfast Sandwich ,"The Grilled Cheese Breakfast Sandwich loaded with American and Swiss Cheese, Folded Egg, and a Sausage Patty.","{'Serving Size': '209g', 'Calories': '660', 'Calories from Fat': '390', 'Fat': '43g', 'Saturated Fat': '17g', 'Trans Fat': '0.5g', 'Cholesterol': '225mg', 'Sodium': '1460mg', 'Carbohydrates': '43g', 'Dietary Fiber': '2g', 'Sugars': '3g', 'Protein': '34g'}","Egg, Milk, Soy, Wheat"
Breakfast,Burritos and more,Steak & Egg Burrito,"Scrambled Eggs, Charbroiled Steak, Shredded Cheese, and Fresh Salsa Wrapped in a Warm Flour Tortilla.","{'Serving Size': '297g', 'Calories': '630', 'Calories from Fat': '330', 'Fat': '36g', 'Saturated Fat': '14g', 'Trans Fat': '0g', 'Cholesterol': '390mg', 'Sodium': '1570mg', 'Carbohydrates': '37g', 'Dietary Fiber': '2g', 'Sugars': '3g', 'Protein': '35g'}","Egg, Soy, Wheat"
Breakfast,Breakfast Sides,Hash Rounds® (large),"Crispy, Poppable Potato Rounds.","{'Serving Size': '173g', 'Calories': '560', 'Calories from Fat': '330', 'Fat': '37g', 'Saturated Fat': '7g', 'Trans Fat': '0g', 'Cholesterol': '0mg', 'Sodium': '710mg', 'Carbohydrates': '52g', 'Dietary Fiber': '5g', 'Sugars': '0g', 'Protein': '5g'}",Wheat
Breakfast,Breakfast Sides,Hash Rounds® (medium),"Crispy, Poppable Potato Rounds.","{'Serving Size': '119g', 'Calories': '390', 'Calories from Fat': '230', 'Fat': '26g', 'Saturated Fat': '4.5g', 'Trans Fat': '0g', 'Cholesterol': '0mg', 'Sodium': '490mg', 'Carbohydrates': '36g', 'Dietary Fiber': '4g', 'Sugars': '0g', 'Protein': '3g'}",Wheat
Breakfast,Breakfast Sides,Hash Rounds®  (small),"Crispy, Poppable Potato Rounds.","{'Serving Size': '108g', 'Calories': '350', 'Calories from Fat': '210', 'Fat': '23g', 'Saturated Fat': '4g', 'Trans Fat': '0g', 'Cholesterol': '0mg', 'Sodium': '440mg', 'Carbohydrates': '32g', 'Dietary Fiber': '3g', 'Sugars': '0g', 'Protein': '3g'}",Wheat
Breakfast,Burritos and more,Chorizo and Egg Burrito,,"{'Serving Size': '321g', 'Calories': '780', 'Calories from Fat': '410', 'Fat': '46g', 'Saturated Fat': '15g', 'Trans Fat': '0g', 'Cholesterol': '515mg', 'Sodium': '1540mg', 'Carbohydrates': '53g', 'Dietary Fiber': '5g', 'Sugars': '3g', 'Protein': '39g'}","Egg, Soy, Wheat"
Green Burrito,Side Items,Side of Shredded Cheese,,"{'Serving Size': '21g', 'Calories': '80', 'Calories from Fat': '60', 'Fat': '7g', 'Saturated Fat': '4g', 'Trans Fat': '0g', 'Cholesterol': '20mg', 'Sodium': '135mg', 'Carbohydrates': '0g', 'Dietary Fiber': '0g', 'Sugars': '0g', 'Protein': '5g'}",
Green Burrito,Side Items,Side of Guacamole,,"{'Serving Size': '77g', 'Calories': '100', 'Calories from Fat': '70', 'Fat': '8g', 'Saturated Fat': '1g', 'Trans Fat': '0g', 'Cholesterol': '0mg', 'Sodium': '270mg', 'Carbohydrates': '5g', 'Dietary Fiber': '2g', 'Sugars': '3g', 'Protein': '1g'}",
Green Burrito,Side Items,Side of Ground Beef,,"{'Serving Size': '99g', 'Calories': '160', 'Calories from Fat': '80', 'Fat': '9g', 'Saturated Fat': '3.5g', 'Trans Fat': '0.5g', 'Cholesterol': '45mg', 'Sodium': '660mg', 'Carbohydrates': '5g', 'Dietary Fiber': '3g', 'Sugars': '1g', 'Protein': '15g'}",
Green Burrito,Side Items,Side of Chips,,"{'Serving Size': '57g', 'Calories': '300', 'Calories from Fat': '150', 'Fat': '17g', 'Saturated Fat': '3g', 'Trans Fat': '0g', 'Cholesterol': '0mg', 'Sodium': '35mg', 'Carbohydrates': '35g', 'Dietary Fiber': '3g', 'Sugars': '0g', 'Protein': '4g'}",
Green Burrito,Side Items,Side of Pinto Beans,Pinto beans topped with cotija cheese,"{'Serving Size': '106g', 'Calories': '90', 'Calories from Fat': '15', 'Fat': '1.5g', 'Saturated Fat': '1g', 'Trans Fat': '0g', 'Cholesterol': '5mg', 'Sodium': '440mg', 'Carbohydrates': '13g', 'Dietary Fiber': '3g', 'Sugars': '1g', 'Protein': '6g'}",
Green Burrito,Side Items,Side of Cilantro-Lime Rice,Cilantro-lime rice topped with pico de gallo,"{'Serving Size': '96g', 'Calories': '90', 'Calories from Fat': '0', 'Fat': '5g', 'Saturated Fat': '0g', 'Trans Fat': '0g', 'Cholesterol': '0mg', 'Sodium': '330mg', 'Carbohydrates': '21g', 'Dietary Fiber': '0g', 'Sugars': '4g', 'Protein': '2g'}",
Green Burrito,Side Items,Side of Crema,,"{'Serving Size': '33g', 'Calories': '90', 'Calories from Fat': '80', 'Fat': '9g', 'Saturated Fat': '6g', 'Trans Fat': '0g', 'Cholesterol': '35mg', 'Sodium': '15mg', 'Carbohydrates': '1g', 'Dietary Fiber': '0g', 'Sugars': '0g', 'Protein': '1g'}",
Green Burrito,Side Items,Side of Green Sauce,,"{'Serving Size': '82g', 'Calories': '35', 'Calories from Fat': '20', 'Fat': '2g', 'Saturated Fat': '0g', 'Trans Fat': '0g', 'Cholesterol': '0mg', 'Sodium': '540mg', 'Carbohydrates': '6g', 'Dietary Fiber': '1g', 'Sugars': '3g', 'Protein': '1g'}",
Green Burrito,Side Items,Side of Chicken,,"{'Serving Size': '90g', 'Calories': '140', 'Calories from Fat': '50', 'Fat': '6g', 'Saturated Fat': '1.5g', 'Trans Fat': '0g', 'Cholesterol': '80mg', 'Sodium': '720mg', 'Carbohydrates': '3g', 'Dietary Fiber': '0g', 'Sugars': '0g', 'Protein': '19g'}",
Green Burrito,Side Items,Side of Steak,,"{'Serving Size': '100g', 'Calories': '160', 'Calories from Fat': '45', 'Fat': '5g', 'Saturated Fat': '2g', 'Trans Fat': '0g', 'Cholesterol': '55mg', 'Sodium': '1000mg', 'Carbohydrates': '3g', 'Dietary Fiber': '0g', 'Sugars': '0g', 'Protein': '24g'}",
Green Burrito,Side Items,Coke de Mexico,,"{'Serving Size': '355g', 'Calories': '150', 'Calories from Fat': '0', 'Fat': '0g', 'Saturated Fat': '0g', 'Trans Fat': '0g', 'Cholesterol': '0mg', 'Sodium': '85mg', 'Carbohydrates': '39g', 'Dietary Fiber': '0g', 'Sugars': '39g', 'Protein': '0g'}",
Green Burrito,Specialties,Super Nachos - Ground Beef,"Seasoned ground beef with freshly prepared tortilla chips, pinto beans, four-cheese blend and garnished with guacamole, pico de gallo, sour cream and cotija cheese","{'Serving Size': '324g', 'Calories': '740', 'Calories from Fat': '400', 'Fat': '45g', 'Saturated Fat': '18g', 'Trans Fat': '0g', 'Cholesterol': '85mg', 'Sodium': '1260mg', 'Carbohydrates': '53g', 'Dietary Fiber': '8g', 'Sugars': '3g', 'Protein': '29g'}","Milk, Wheat"
Green Burrito,Specialties,Super Nachos - Steak,"Charbroiled steak with freshly prepared tortilla chips, pinto beans, four-cheese blend and garnished with guacamole, pico de gallo, sour cream and cotija cheese","{'Serving Size': '327g', 'Calories': '740', 'Calories from Fat': '390', 'Fat': '43g', 'Saturated Fat': '17g', 'Trans Fat': '0g', 'Cholesterol': '90mg', 'Sodium': '1440mg', 'Carbohydrates': '53g', 'Dietary Fiber': '7g', 'Sugars': '3g', 'Protein': '34g'}","Milk, Soy"
Green Burrito,Specialties,Super Nachos - Chicken,"Charbroiled chicken with freshly prepared tortilla chips, pinto beans, four-cheese blend and garnished with guacamole, pico de gallo, sour cream and cotija cheese","{'Serving Size': '323g', 'Calories': '730', 'Calories from Fat': '390', 'Fat': '44g', 'Saturated Fat': '17g', 'Trans Fat': '0g', 'Cholesterol': '100mg', 'Sodium': '1310mg', 'Carbohydrates': '52g', 'Dietary Fiber': '7g', 'Sugars': '3g', 'Protein': '32g'}","Milk, Soy, Wheat"
Green Burrito,Specialties,"Rice, Beans & Chips Platter","Add a platter to any entrée, includes pinto beans, cilantro-lime rice and freshly prepared tortilla chips","{'Serving Size': '230g', 'Calories': '340', 'Calories from Fat': '90', 'Fat': '10g', 'Saturated Fat': '2.5g', 'Trans Fat': '0g', 'Cholesterol': '5mg', 'Sodium': '780mg', 'Carbohydrates': '51g', 'Dietary Fiber': '5g', 'Sugars': '4g', 'Protein': '10g'}",
Green Burrito,Specialties,Quesadilla - Steak,"Charbroiled steak, four-cheese blend and pico de gallo in a grilled flour tortilla","{'Serving Size': '324g', 'Calories': '790', 'Calories from Fat': '360', 'Fat': '39g', 'Saturated Fat': '19g', 'Trans Fat': '0g', 'Cholesterol': '130mg', 'Sodium': '1560mg', 'Carbohydrates': '56g', 'Dietary Fiber': '2g', 'Sugars': '2g', 'Protein': '50g'}","Egg, Milk, Soy, Wheat"
Green Burrito,Specialties,Quesadilla - Chicken,"Charbroiled chicken, four-cheese blend and pico de gallo in a grilled flour tortilla","{'Serving Size': '317g', 'Calories': '780', 'Calories from Fat': '360', 'Fat': '40g', 'Saturated Fat': '19g', 'Trans Fat': '0g', 'Cholesterol': '155mg', 'Sodium': '1310mg', 'Carbohydrates': '56g', 'Dietary Fiber': '2g', 'Sugars': '2g', 'Protein': '46g'}","Egg, Milk, Soy, Wheat"
Green Burrito,Specialties,Quesadilla - Cheese,Four-cheese blend and pico de gallo in a grilled flour tortilla,"{'Serving Size': '226g', 'Calories': '640', 'Calories from Fat': '310', 'Fat': '34g', 'Saturated Fat': '17g', 'Trans Fat': '0g', 'Cholesterol': '75mg', 'Sodium': '590mg', 'Carbohydrates': '53g', 'Dietary Fiber': '2g', 'Sugars': '2g', 'Protein': '26g'}","Egg, Milk, Wheat"
Green Burrito,Specialties,Taco Salad - Steak,"Charbroiled steak with pinto beans, shredded lettuce, fresh salsa, four-cheese blend and hot sauce garnished with guacamole, pico de gallo, sour cream and cotija cheese in a crispy flour tortilla bowl","{'Serving Size': '567g', 'Calories': '880', 'Calories from Fat': '470', 'Fat': '52g', 'Saturated Fat': '17g', 'Trans Fat': '0g', 'Cholesterol': '95mg', 'Sodium': '2200mg', 'Carbohydrates': '60g', 'Dietary Fiber': '9g', 'Sugars': '9g', 'Protein': '44g'}","Milk, Soy, Wheat"
Green Burrito,Specialties,Taco Salad - Chicken,"Charbroiled chicken with pinto beans, shredded lettuce, fresh salsa, four-cheese blend and hot sauce garnished with guacamole, pico de gallo, sour cream and cotija cheese in a crispy flour tortilla bowl","{'Serving Size': '560g', 'Calories': '870', 'Calories from Fat': '470', 'Fat': '53g', 'Saturated Fat': '17g', 'Trans Fat': '0g', 'Cholesterol': '120mg', 'Sodium': '1950mg', 'Carbohydrates': '60g', 'Dietary Fiber': '9g', 'Sugars': '9g', 'Protein': '40g'}","Milk, Soy, Wheat"
Green Burrito,Specialties,Taco Salad - Ground Beef,"Seasoned ground beef with pinto beans, shredded lettuce, fresh salsa, four-cheese blend and hot sauce garnished with guacamole, pico de gallo, sour cream and cotija cheese in a crispy flour tortilla bowl","{'Serving Size': '569g', 'Calories': '890', 'Calories from Fat': '500', 'Fat': '56g', 'Saturated Fat': '18g', 'Trans Fat': '1g', 'Cholesterol': '90mg', 'Sodium': '1890mg', 'Carbohydrates': '62g', 'Dietary Fiber': '11g', 'Sugars': '9g', 'Protein': '35g'}","Milk, Wheat"
Green Burrito,Specialties,5 Piece Chicken Taquitos,"Chicken taquitos are served on a bed of shredded lettuce and garnished with pico de gallo, sour cream and cotija cheese","{'Serving Size': '242g', 'Calories': '640', 'Calories from Fat': '380', 'Fat': '43g', 'Saturated Fat': '9g', 'Trans Fat': '0g', 'Cholesterol': '80mg', 'Sodium': '1130mg', 'Carbohydrates': '56g', 'Dietary Fiber': '6g', 'Sugars': '2g', 'Protein': '33g'}","Milk, Soy, Wheat"
Green Burrito,Specialties,3 Piece Chicken Taquitos,"Chicken taquitos are served on a bed of shredded lettuce and garnished with pico de gallo, sour cream and cotija cheese","{'Serving Size': '159g', 'Calories': '410', 'Calories from Fat': '250', 'Fat': '28g', 'Saturated Fat': '7g', 'Trans Fat': '0g', 'Cholesterol': '50mg', 'Sodium': '720mg', 'Carbohydrates': '34g', 'Dietary Fiber': '3g', 'Sugars': '1g', 'Protein': '21g'}","Milk, Soy, Wheat"
Green Burrito,Tacos,Chicken Soft Taco,"A flour tortilla filled with charbroiled chicken, shredded lettuce, hot sauce and four-cheese blend and garnished with pico de gallo, sour cream and cotija cheese","{'Serving Size': '133g', 'Calories': '250', 'Calories from Fat': '110', 'Fat': '12g', 'Saturated Fat': '6g', 'Trans Fat': '0g', 'Cholesterol': '60mg', 'Sodium': '740mg', 'Carbohydrates': '18g', 'Dietary Fiber': '1g', 'Sugars': '1g', 'Protein': '16g'}",
Green Burrito,Tacos,Crunchy Beef Taco,"A crisp corn tortilla filled with seasoned ground beef, shredded lettuce, hot sauce and  four-cheese blend","{'Serving Size': '95g', 'Calories': '210', 'Calories from Fat': '100', 'Fat': '12g', 'Saturated Fat': '4.5g', 'Trans Fat': '0g', 'Cholesterol': '35mg', 'Sodium': '380mg', 'Carbohydrates': '16g', 'Dietary Fiber': '3g', 'Sugars': '1g', 'Protein': '11g'}",
Green Burrito,Burritos,"Bean, Rice & Cheese Burrito","Pinto beans, pico de gallo, cilantro-lime rice, hot sauce and a four-cheese blend folded and grilled in a flour tortilla","{'Serving Size': '425g', 'Calories': '730', 'Calories from Fat': '230', 'Fat': '26g', 'Saturated Fat': '12g', 'Trans Fat': '0g', 'Cholesterol': '50mg', 'Sodium': '1190mg', 'Carbohydrates': '93g', 'Dietary Fiber': '6g', 'Sugars': '8g', 'Protein': '27g'}",
Green Burrito,Burritos,The Grilled Burrito - Steak,"Charbroiled steak, pinto beans, pico de gallo, cilantro-lime rice, hot sauce and a four-cheese blend folded and grilled in a flour tortilla.","{'Serving Size': '486g', 'Calories': '840', 'Calories from Fat': '280', 'Fat': '31g', 'Saturated Fat': '14g', 'Trans Fat': '0g', 'Cholesterol': '105mg', 'Sodium': '2030mg', 'Carbohydrates': '88g', 'Dietary Fiber': '6g', 'Sugars': '6g', 'Protein': '50g'}",
Green Burrito,Burritos,The Grilled Burrito - Beef,"Seasoned ground beef, pinto beans, pico de gallo, cilantro-lime rice, hot sauce and a four-cheese blend folded and grilled in a flour tortilla","{'Serving Size': '487g', 'Calories': '850', 'Calories from Fat': '310', 'Fat': '35g', 'Saturated Fat': '15g', 'Trans Fat': '0.5g', 'Cholesterol': '95mg', 'Sodium': '1720mg', 'Carbohydrates': '90g', 'Dietary Fiber': '8g', 'Sugars': '7g', 'Protein': '41g'}",
Green Burrito,Burritos,The Grilled Burrito - Chicken,"Charbroiled chicken, pinto beans, pico de gallo, cilantro-lime rice, hot sauce and a four-cheese blend folded and grilled in a flour tortilla.","{'Serving Size': '478g', 'Calories': '830', 'Calories from Fat': '280', 'Fat': '31g', 'Saturated Fat': '14g', 'Trans Fat': '0g', 'Cholesterol': '130mg', 'Sodium': '1780mg', 'Carbohydrates': '88g', 'Dietary Fiber': '6g', 'Sugars': '6g', 'Protein': '46g'}",
Green Burrito,Burritos,The Green Burrito - Steak,"Charbroiled steak, pinto beans, cilantro-lime rice, hot sauce and a four-cheese blend smothered with our signature green sauce and garnished with pico de gallo, sour cream and cotija cheese.","{'Serving Size': '620g', 'Calories': '940', 'Calories from Fat': '340', 'Fat': '38g', 'Saturated Fat': '17g', 'Trans Fat': '0g', 'Cholesterol': '120mg', 'Sodium': '2770mg', 'Carbohydrates': '96g', 'Dietary Fiber': '7g', 'Sugars': '10g', 'Protein': '53g'}",
Green Burrito,Burritos,The Green Burrito - Chicken,"Charbroiled chicken, pinto beans, cilantro-lime rice, hot sauce and a four-cheese blend smothered with our signature green sauce and garnished with pico de gallo, sour cream and cotija cheese.
","{'Serving Size': '613g', 'Calories': '930', 'Calories from Fat': '350', 'Fat': '38g', 'Saturated Fat': '17g', 'Trans Fat': '0g', 'Cholesterol': '145mg', 'Sodium': '2520mg', 'Carbohydrates': '96g', 'Dietary Fiber': '7g', 'Sugars': '10g', 'Protein': '49g'}",
Better for you options,Gluten-Sensitive*,Gluten-Sensitive* - The Guacamole Thickburger®,"Our 100% Black Angus beef patty, fresh guacamole, bacon and fixings in a fresh whole-leaf Iceberg lettuce wrap.","{'Serving Size': '376g', 'Calories': '780', 'Calories from Fat': '590', 'Fat': '66g', 'Saturated Fat': '22g', 'Trans Fat': '2g', 'Cholesterol': '135mg', 'Sodium': '1630mg', 'Carbohydrates': '9g', 'Dietary Fiber': '2g', 'Sugars': '5g', 'Protein': '41g'}",Egg
Better for you options,Gluten-Sensitive*,Gluten-Sensitive* - The Low Carb Thickburger®,"Just like The Original Six Dollar Thickburger®, but with dill pickles and a lettuce wrap instead of on a bun.","{'Serving Size': '299g', 'Calories': '560', 'Calories from Fat': '380', 'Fat': '42g', 'Saturated Fat': '18g', 'Trans Fat': '2g', 'Cholesterol': '120mg', 'Sodium': '1390mg', 'Carbohydrates': '9g', 'Dietary Fiber': '1g', 'Sugars': '5g', 'Protein': '38g'}",Egg
Better for you options,Gluten-Sensitive*,Gluten-Sensitive* - Famous Star® with Cheese,"Our charbroiled all-beef patty, melted American Cheese and all the fixings wrapped in a fresh whole-leaf Iceberg lettuce wrap.","{'Serving Size': '224g', 'Calories': '430', 'Calories from Fat': '310', 'Fat': '34g', 'Saturated Fat': '13g', 'Trans Fat': '1g', 'Cholesterol': '75mg', 'Sodium': '720mg', 'Carbohydrates': '10g', 'Dietary Fiber': '1g', 'Sugars': '5g', 'Protein': '21g'}",Egg
Better for you options,Trim It.®,Trim It.® - Famous Star®,All the tasty premium beef of The Famous Star® with no mayo on a honey wheat bun.,"{'Serving Size': '225g', 'Calories': '430', 'Calories from Fat': '160', 'Fat': '18g', 'Saturated Fat': '8g', 'Trans Fat': '0.5g', 'Cholesterol': '50mg', 'Sodium': '610mg', 'Carbohydrates': '46g', 'Dietary Fiber': '3g', 'Sugars': '10g', 'Protein': '24g'}",Wheat
Better for you options,Trim It.®,Trim It.® - Charbroiled BBQ Chicken™,"Our original low fat menu item. Order it as is, or get it with a lettuce wrap as The Low Carb Charbroiled BBQ Chicken™ Sandwich","{'Serving Size': '269g', 'Calories': '390', 'Calories from Fat': '70', 'Fat': '8g', 'Saturated Fat': '1.5g', 'Trans Fat': '0g', 'Cholesterol': '60mg', 'Sodium': '990mg', 'Carbohydrates': '51g', 'Dietary Fiber': '3g', 'Sugars': '13g', 'Protein': '30g'}","Fish, Soy, Wheat"
Better for you options,Veg It.®,Veg It.® - Side Salad,"Tomato wedges, cucumber slices and shredded cheese on a bed of spring salad mix. Served with croutons and your choice of dressing.","{'Serving Size': '149g', 'Calories': '110', 'Calories from Fat': '40', 'Fat': '4.5g', 'Saturated Fat': '1.5g', 'Trans Fat': '0g', 'Cholesterol': '5mg', 'Sodium': '230mg', 'Carbohydrates': '14g', 'Dietary Fiber': '2g', 'Sugars': '3g', 'Protein': '4g'}","Milk, Soy, Wheat"
Better for you options,Veg It.®,Veg It.® - Fried Zucchini,Hold the meat on any burger and ask for a pack of these guys. Then pile them between the bun for some do-it-yourself deliciousness.,"{'Serving Size': '139g', 'Calories': '330', 'Calories from Fat': '160', 'Fat': '18g', 'Saturated Fat': '3g', 'Trans Fat': '0g', 'Cholesterol': '0mg', 'Sodium': '610mg', 'Carbohydrates': '36g', 'Dietary Fiber': '2g', 'Sugars': '7g', 'Protein': '6g'}","Milk, Wheat"
Better for you options,Veg It.®,Veg It.® - Guacamole Thickburger®,"Feast on guacamole, Pepper Jack cheese and fresh fixings, all on a toasted sesame seed bun. The meat goes, but the flavor stays.","{'Serving Size': '279g', 'Calories': '670', 'Calories from Fat': '410', 'Fat': '46g', 'Saturated Fat': '10g', 'Trans Fat': '0.5g', 'Cholesterol': '45mg', 'Sodium': '1330mg', 'Carbohydrates': '56g', 'Dietary Fiber': '4g', 'Sugars': '13g', 'Protein': '14g'}","Egg, Milk, Soy, Wheat"
Better for you options,Low carb it.®,Low Carb It.® - Low Carb Charbroiled Chicken Club™,"Our delicious charbroiled chicken with bacon, cheese and all the fixings, packed in a fresh whole-leaf Iceberg lettuce wrap. ","{'Serving Size': '223g', 'Calories': '370', 'Calories from Fat': '220', 'Fat': '24g', 'Saturated Fat': '7g', 'Trans Fat': '0g', 'Cholesterol': '90mg', 'Sodium': '950mg', 'Carbohydrates': '8g', 'Dietary Fiber': '1g', 'Sugars': '4g', 'Protein': '30g'}","Egg, Fish, Soy, Wheat"
Better for you options,Go Beyond,Beyond Famous Star® w/ cheese,The new Beyond Famous Star features a 100% plant based Beyond Burger® patty on our iconic Famous Star® build. It’s a healthier option especially for those that do not want to sacrifice burgers but want to eat less meat. ,"{'Serving Size': '311g', 'Calories': '710', 'Calories from Fat': '360', 'Fat': '40g', 'Saturated Fat': '0g', 'Trans Fat': '0g', 'Cholesterol': '30mg', 'Sodium': '1550mg', 'Carbohydrates': '61g', 'Dietary Fiber': '5g', 'Sugars': '12g', 'Protein': '30g'}","Egg, Wheat"
Beverages,More Beverages,1% Fat Milk,1% Milk.,"{'Serving Size': '10oz', 'Calories': '150', 'Calories from Fat': '0', 'Fat': '3g', 'Saturated Fat': '2g', 'Trans Fat': '0g', 'Cholesterol': '15mg', 'Sodium': '180mg', 'Carbohydrates': '18g', 'Dietary Fiber': '0g', 'Sugars': '18g', 'Protein': '14g'}",Milk
Beverages,More Beverages,Minute Maid® Orange Juice,,"{'Serving Size': '10g', 'Calories': '150', 'Calories from Fat': '0', 'Fat': '0g', 'Saturated Fat': '0g', 'Trans Fat': '0g', 'Cholesterol': '0mg', 'Sodium': '0mg', 'Carbohydrates': '37g', 'Dietary Fiber': '0g', 'Sugars': '35g', 'Protein': '1g'}",
Beverages,More Beverages,Dasani® Water,,"{'Serving Size': '0g', 'Calories': '0', 'Calories from Fat': '0', 'Fat': '0g', 'Saturated Fat': '0g', 'Trans Fat': '0g', 'Cholesterol': '0mg', 'Sodium': '0mg', 'Carbohydrates': '0g', 'Dietary Fiber': '0g', 'Sugars': '0g', 'Protein': '0g'}",
Beverages,Coffee,Vanilla Cold Brew,"The 100% Arabica light roast coffee is a Peruvian Guatemalan coffee blend that is craft-brewed and steeped to taste. Also available in regular Cold Brew.
","{'Serving Size': '0g', 'Calories': '0', 'Calories from Fat': '0', 'Fat': '0g', 'Saturated Fat': '0g', 'Trans Fat': '0g', 'Cholesterol': '0mg', 'Sodium': '0mg', 'Carbohydrates': '0g', 'Dietary Fiber': '0g', 'Sugars': '0g', 'Protein': '0g'}",
Beverages,Coffee,Decaffeinated Coffee,"Premium, Fresh-Roasted and 100% Arabica means it’s Rich, Bold and Tasty.","{'Serving Size': '16oz', 'Calories': '10', 'Calories from Fat': '0', 'Fat': '0g', 'Saturated Fat': '0g', 'Trans Fat': '0g', 'Cholesterol': '0mg', 'Sodium': '0mg', 'Carbohydrates': '2g', 'Dietary Fiber': '0g', 'Sugars': '0g', 'Protein': '0g'}",
Beverages,Coffee,100% Arabica Coffee,"Premium Dark Roast blend of 100% Arabica coffee from Peru and Guatemala. Fresh brewed, smooth and full bodied.","{'Serving Size': '16oz', 'Calories': '10', 'Calories from Fat': '0', 'Fat': '0g', 'Saturated Fat': '0g', 'Trans Fat': '0g', 'Cholesterol': '0mg', 'Sodium': '0mg', 'Carbohydrates': '2g', 'Dietary Fiber': '0g', 'Sugars': '0g', 'Protein': '1g'}",
Beverages,Shakes,OREO® Cookie Hand-Scooped Ice Cream Shake™,"Creamy, Hand-Scooped Ice Cream Blended with Milk and OREO® Cookie Pieces then topped with Whipped Topping.","{'Serving Size': '397g', 'Calories': '710', 'Calories from Fat': '350', 'Fat': '39g', 'Saturated Fat': '25g', 'Trans Fat': '1.5g', 'Cholesterol': '105mg', 'Sodium': '340mg', 'Carbohydrates': '79g', 'Dietary Fiber': '1g', 'Sugars': '53g', 'Protein': '13g'}","Milk, Soy, Wheat"
Beverages,Shakes,Strawberry Hand-Scooped Ice Cream Shake™,"Creamy, Hand-Scooped Ice Cream Blended with Milk and Strawberry Syrup then topped with Whipped Topping.","{'Serving Size': '397g', 'Calories': '690', 'Calories from Fat': '320', 'Fat': '35g', 'Saturated Fat': '24g', 'Trans Fat': '1.5g', 'Cholesterol': '105mg', 'Sodium': '250mg', 'Carbohydrates': '83g', 'Dietary Fiber': '0g', 'Sugars': '64g', 'Protein': '12g'}",Milk
Beverages,Shakes,Chocolate Hand-Scooped Ice Cream Shake™,"Creamy, Hand-Scooped Ice Cream Blended with Milk and Chocolate Syrup then topped with Whipped Topping.","{'Serving Size': '397g', 'Calories': '690', 'Calories from Fat': '320', 'Fat': '36g', 'Saturated Fat': '24g', 'Trans Fat': '1.5g', 'Cholesterol': '105mg', 'Sodium': '300mg', 'Carbohydrates': '84g', 'Dietary Fiber': '1g', 'Sugars': '59g', 'Protein': '12g'}",Milk
Beverages,Shakes,Vanilla Hand-Scooped Ice Cream Shake™,"Creamy, Hand-Scooped Ice Cream Blended with Milk and Vanilla Syrup then Topped with Whipped Topping.","{'Serving Size': '397g', 'Calories': '700', 'Calories from Fat': '320', 'Fat': '35g', 'Saturated Fat': '24g', 'Trans Fat': '1.5g', 'Cholesterol': '105mg', 'Sodium': '240mg', 'Carbohydrates': '86g', 'Dietary Fiber': '0g', 'Sugars': '65g', 'Protein': '12g'}",Milk
Beverages,Soft Drinks,Minute Maid Light™ Lemonade,,"{'Serving Size': '30oz', 'Calories': '10', 'Calories from Fat': '0', 'Fat': '0g', 'Saturated Fat': '0g', 'Trans Fat': '0g', 'Cholesterol': '0mg', 'Sodium': '15mg', 'Carbohydrates': '1g', 'Dietary Fiber': '0g', 'Sugars': '0g', 'Protein': '0g'}",
Beverages,Soft Drinks,Fanta® Strawberry,,"{'Serving Size': '30oz', 'Calories': '280', 'Calories from Fat': '0', 'Fat': '0g', 'Saturated Fat': '0g', 'Trans Fat': '0g', 'Cholesterol': '0mg', 'Sodium': '30mg', 'Carbohydrates': '78g', 'Dietary Fiber': '0g', 'Sugars': '78g', 'Protein': '0g'}",
Beverages,Soft Drinks,Fanta® Orange,,"{'Serving Size': '30oz', 'Calories': '280', 'Calories from Fat': '0', 'Fat': '0g', 'Saturated Fat': '0g', 'Trans Fat': '0g', 'Cholesterol': '0mg', 'Sodium': '45mg', 'Carbohydrates': '75g', 'Dietary Fiber': '0g', 'Sugars': '75g', 'Protein': '0g'}",
Beverages,Soft Drinks,Diet Dr Pepper®,,"{'Serving Size': '30oz', 'Calories': '0', 'Calories from Fat': '0', 'Fat': '0g', 'Saturated Fat': '0g', 'Trans Fat': '0g', 'Cholesterol': '0mg', 'Sodium': '135mg', 'Carbohydrates': '0g', 'Dietary Fiber': '0g', 'Sugars': '0g', 'Protein': '0g'}",
Beverages,Soft Drinks,Dr Pepper®,,"{'Serving Size': '30oz', 'Calories': '230', 'Calories from Fat': '0', 'Fat': '0g', 'Saturated Fat': '0g', 'Trans Fat': '0g', 'Cholesterol': '0mg', 'Sodium': '85mg', 'Carbohydrates': '65g', 'Dietary Fiber': '0g', 'Sugars': '65g', 'Protein': '0g'}",
Beverages,Soft Drinks,Hi-C® Flashin’ Fruit Punch,,"{'Serving Size': '30oz', 'Calories': '260', 'Calories from Fat': '0', 'Fat': '0g', 'Saturated Fat': '0g', 'Trans Fat': '0g', 'Cholesterol': '0mg', 'Sodium': '30mg', 'Carbohydrates': '70g', 'Dietary Fiber': '0g', 'Sugars': '70g', 'Protein': '0g'}",
Beverages,Soft Drinks,Cherry Coke®,,"{'Serving Size': '30oz', 'Calories': '260', 'Calories from Fat': '0', 'Fat': '0g', 'Saturated Fat': '0g', 'Trans Fat': '0g', 'Cholesterol': '0mg', 'Sodium': '20mg', 'Carbohydrates': '70g', 'Dietary Fiber': '0g', 'Sugars': '70g', 'Protein': '0g'}",
Beverages,Soft Drinks,Powerade® Mountain Blast,,"{'Serving Size': '30oz', 'Calories': '140', 'Calories from Fat': '0', 'Fat': '0g', 'Saturated Fat': '0g', 'Trans Fat': '0g', 'Cholesterol': '0mg', 'Sodium': '140mg', 'Carbohydrates': '38g', 'Dietary Fiber': '0g', 'Sugars': '38g', 'Protein': '0g'}",
Beverages,Soft Drinks,Barq’s® Rootbeer,,"{'Serving Size': '30oz', 'Calories': '280', 'Calories from Fat': '0', 'Fat': '0g', 'Saturated Fat': '0g', 'Trans Fat': '0g', 'Cholesterol': '0mg', 'Sodium': '70mg', 'Carbohydrates': '75g', 'Dietary Fiber': '0g', 'Sugars': '75g', 'Protein': '0g'}",
Beverages,Soft Drinks,Sprite®,,"{'Serving Size': '30oz', 'Calories': '240', 'Calories from Fat': '0', 'Fat': '0g', 'Saturated Fat': '0g', 'Trans Fat': '0g', 'Cholesterol': '0mg', 'Sodium': '60mg', 'Carbohydrates': '65g', 'Dietary Fiber': '0g', 'Sugars': '65g', 'Protein': '0g'}",
Beverages,Soft Drinks,Coca-Cola Zero™,,"{'Serving Size': '30oz', 'Calories': '0', 'Calories from Fat': '0', 'Fat': '0g', 'Saturated Fat': '0g', 'Trans Fat': '0g', 'Cholesterol': '0mg', 'Sodium': '20mg', 'Carbohydrates': '0g', 'Dietary Fiber': '0g', 'Sugars': '0g', 'Protein': '0g'}",
Beverages,Soft Drinks,Diet Coke®,,"{'Serving Size': '30oz', 'Calories': '0', 'Calories from Fat': '0', 'Fat': '0g', 'Saturated Fat': '0g', 'Trans Fat': '0g', 'Cholesterol': '0mg', 'Sodium': '35mg', 'Carbohydrates': '0g', 'Dietary Fiber': '0g', 'Sugars': '0g', 'Protein': '0g'}",
Beverages,Soft Drinks,Coca-Cola®,,"{'Serving Size': '30oz', 'Calories': '250', 'Calories from Fat': '0', 'Fat': '0g', 'Saturated Fat': '0g', 'Trans Fat': '0g', 'Cholesterol': '0mg', 'Sodium': '15mg', 'Carbohydrates': '68g', 'Dietary Fiber': '0g', 'Sugars': '68g', 'Protein': '0g'}",
Beverages,Soft Drinks,Gold Peak® Iced Tea,,"{'Serving Size': '30oz', 'Calories': '10', 'Calories from Fat': '0', 'Fat': '0g', 'Saturated Fat': '0g', 'Trans Fat': '0g', 'Cholesterol': '0mg', 'Sodium': '10mg', 'Carbohydrates': '0g', 'Dietary Fiber': '0g', 'Sugars': '0g', 'Protein': '0g'}",
Beverages,Soft Drinks,FUZE® Raspberry Tea,,"{'Serving Size': '30oz', 'Calories': '150', 'Calories from Fat': '0', 'Fat': '0g', 'Saturated Fat': '0g', 'Trans Fat': '0g', 'Cholesterol': '0mg', 'Sodium': '25mg', 'Carbohydrates': '40g', 'Dietary Fiber': '0g', 'Sugars': '40g', 'Protein': '0g'}",
Desserts,,Chocolate Cake,,"{'Serving Size': '85g', 'Calories': '290', 'Calories from Fat': '100', 'Fat': '11g', 'Saturated Fat': '3.5g', 'Trans Fat': '0g', 'Cholesterol': '30mg', 'Sodium': '240mg', 'Carbohydrates': '46g', 'Dietary Fiber': '1g', 'Sugars': '35g', 'Protein': '3g'}","Egg, Milk, Soy, Wheat"
Desserts,,Strawberry Swirl Cheesecake,,"{'Serving Size': '99g', 'Calories': '320', 'Calories from Fat': '160', 'Fat': '17g', 'Saturated Fat': '10g', 'Trans Fat': '0.5g', 'Cholesterol': '60mg', 'Sodium': '250mg', 'Carbohydrates': '35g', 'Dietary Fiber': '1g', 'Sugars': '23g', 'Protein': '7g'}","Egg, Milk, Soy, Wheat"
Desserts,,Chocolate Chip Cookies,,"{'Serving Size': '71g', 'Calories': '330', 'Calories from Fat': '150', 'Fat': '17g', 'Saturated Fat': '9g', 'Trans Fat': '0g', 'Cholesterol': '20mg', 'Sodium': '280mg', 'Carbohydrates': '43g', 'Dietary Fiber': '2g', 'Sugars': '24g', 'Protein': '3g'}","Egg, Milk, Soy, Wheat"
Desserts,,Coke Float,Creamy hand-scooped vanilla ice cream covered with bubbly Coca-Cola to create the ultimate in classic summer treats!,"{'Serving Size': '408g', 'Calories': '380', 'Calories from Fat': '120', 'Fat': '14g', 'Saturated Fat': '9g', 'Trans Fat': '0g', 'Cholesterol': '55mg', 'Sodium': '65mg', 'Carbohydrates': '62g', 'Dietary Fiber': '0g', 'Sugars': '56g', 'Protein': '5g'}",
Sides,,Fried Zucchini,"Bites of Crispy, Breaded Zucchini.","{'Serving Size': '139g', 'Calories': '330', 'Calories from Fat': '160', 'Fat': '18g', 'Saturated Fat': '3g', 'Trans Fat': '0g', 'Cholesterol': '0mg', 'Sodium': '610mg', 'Carbohydrates': '36g', 'Dietary Fiber': '2g', 'Sugars': '7g', 'Protein': '6g'}","Milk, Wheat"
Sides,,Onion Rings,Onion rings cooked up crispy and golden brown.,"{'Serving Size': '128g', 'Calories': '530', 'Calories from Fat': '250', 'Fat': '28g', 'Saturated Fat': '4.5g', 'Trans Fat': '0g', 'Cholesterol': '0mg', 'Sodium': '590mg', 'Carbohydrates': '61g', 'Dietary Fiber': '3g', 'Sugars': '6g', 'Protein': '8g'}","Milk, Wheat"
Sides,,CrissCut® Fries,Crispy Bites of Crisscut Potatoes.,"{'Serving Size': '139g', 'Calories': '450', 'Calories from Fat': '260', 'Fat': '29g', 'Saturated Fat': '5g', 'Trans Fat': '0g', 'Cholesterol': '0mg', 'Sodium': '900mg', 'Carbohydrates': '42g', 'Dietary Fiber': '4g', 'Sugars': '0g', 'Protein': '5g'}",Wheat
Sides,,Natural-Cut French Fries - Large,"Premium-quality, skin-on, Natural Cut French Fries.","{'Serving Size': '158g', 'Calories': '460', 'Calories from Fat': '200', 'Fat': '22g', 'Saturated Fat': '4g', 'Trans Fat': '0g', 'Cholesterol': '0mg', 'Sodium': '920mg', 'Carbohydrates': '59g', 'Dietary Fiber': '6g', 'Sugars': '0g', 'Protein': '5g'}",
Sides,,Natural-Cut French Fries - Medium,"Premium-quality, Skin-on, Natural Cut French Fries.","{'Serving Size': '147g', 'Calories': '430', 'Calories from Fat': '190', 'Fat': '21g', 'Saturated Fat': '4g', 'Trans Fat': '0g', 'Cholesterol': '0mg', 'Sodium': '860mg', 'Carbohydrates': '55g', 'Dietary Fiber': '5g', 'Sugars': '0g', 'Protein': '5g'}",
Sides,,Natural-Cut French Fries - Small,"Premium-quality, Skin-on, Natural Cut French Fries.","{'Serving Size': '104g', 'Calories': '300', 'Calories from Fat': '130', 'Fat': '15g', 'Saturated Fat': '2.5g', 'Trans Fat': '0g', 'Cholesterol': '0mg', 'Sodium': '600mg', 'Carbohydrates': '39g', 'Dietary Fiber': '4g', 'Sugars': '0g', 'Protein': '3g'}",
Salads,,Low Fat Balsamic Dressing,,"{'Serving Size': '57g', 'Calories': '35', 'Calories from Fat': '15', 'Fat': '1.5g', 'Saturated Fat': '0g', 'Trans Fat': '0g', 'Cholesterol': '0mg', 'Sodium': '480mg', 'Carbohydrates': '5g', 'Dietary Fiber': '0g', 'Sugars': '3g', 'Protein': '0g'}",
Salads,,House Dressing,,"{'Serving Size': '57g', 'Calories': '220', 'Calories from Fat': '200', 'Fat': '22g', 'Saturated Fat': '3.5g', 'Trans Fat': '0g', 'Cholesterol': '20mg', 'Sodium': '440mg', 'Carbohydrates': '3g', 'Dietary Fiber': '0g', 'Sugars': '2g', 'Protein': '1g'}","Egg, Milk"
Salads,,Side Salad,"Red Onion, Tomato, 4-Cheese blend, and Croutons on a bed of Iceberg lettuce. Served with a choice of House or Balsamic Vinaigrette Dressing","{'Serving Size': '193g', 'Calories': '140', 'Calories from Fat': '60', 'Fat': '7g', 'Saturated Fat': '2.5g', 'Trans Fat': '0g', 'Cholesterol': '10mg', 'Sodium': '240mg', 'Carbohydrates': '15g', 'Dietary Fiber': '2g', 'Sugars': '2g', 'Protein': '6g'}",
Salads,,Charbroiled Chicken Salad,"All-Natural Charbroiled Chicken Breast, Red Onion, Tomato, 4-Cheese blend, and Croutons on a bed of Iceberg lettuce. Served with a choice of House or Balsamic Vinaigrette Dressing","{'Serving Size': '293g', 'Calories': '280', 'Calories from Fat': '80', 'Fat': '9g', 'Saturated Fat': '2g', 'Trans Fat': '0g', 'Cholesterol': '120mg', 'Sodium': '950mg', 'Carbohydrates': '19g', 'Dietary Fiber': '2g', 'Sugars': '6g', 'Protein': '32g'}",
All Star Meals,,Triple Cheeseburger & Spicy Chicken All Star Meal,"Charbroiled triple cheeseburger, fries, small drink and a fresh-baked chocolate chip cookie.","{'Serving Size': '0g', 'Calories': '0', 'Calories from Fat': '0', 'Fat': '0g', 'Saturated Fat': '0g', 'Trans Fat': '0g', 'Cholesterol': '0mg', 'Sodium': '0mg', 'Carbohydrates': '0g', 'Dietary Fiber': '0g', 'Sugars': '0g', 'Protein': '0g'}",
All Star Meals,,Double Cheeseburger & Spicy Chicken All Star Meal,"Charbroiled double cheeseburger on a plain bun, spicy chicken sandwich on a plain bun, fries, small drink and fresh-baked chocolate chip cookie","{'Serving Size': '473g', 'Calories': '1320', 'Calories from Fat': '630', 'Fat': '70g', 'Saturated Fat': '21g', 'Trans Fat': '1.5g', 'Cholesterol': '110mg', 'Sodium': '2850mg', 'Carbohydrates': '138g', 'Dietary Fiber': '8g', 'Sugars': '27g', 'Protein': '37g'}",
All Star Meals,,Hand Breaded Chicken Tender All Star Meal,"3-piece hand-breaded chicken tenders, your choice of dipping sauce, fries, small drink and fresh-baked chocolate chip cookie","{'Serving Size': '253g', 'Calories': '700', 'Calories from Fat': '310', 'Fat': '35g', 'Saturated Fat': '10g', 'Trans Fat': '0g', 'Cholesterol': '80mg', 'Sodium': '1440mg', 'Carbohydrates': '70g', 'Dietary Fiber': '5g', 'Sugars': '15g', 'Protein': '29g'}",
All Star Meals,,"Fiery Chicken Sandwich, Fry, Cookie, Drink","Spicy chicken patty topped with melted pepper jack cheese and pickled jalapenos, fries, small drink and a fresh-baked chocolate chip cookie.","{'Serving Size': '0g', 'Calories': '0', 'Calories from Fat': '0', 'Fat': '0g', 'Saturated Fat': '0g', 'Trans Fat': '0g', 'Cholesterol': '0mg', 'Sodium': '0mg', 'Carbohydrates': '0g', 'Dietary Fiber': '0g', 'Sugars': '0g', 'Protein': '0g'}",
Chicken & More,Charbroiled Chicken,Charbroiled BBQ Chicken™ Sandwich,"Charbroiled Chicken Breast, Lettuce, Tomato and Tangy BBQ Sauce on a Honey Wheat Bun.","{'Serving Size': '239g', 'Calories': '390', 'Calories from Fat': '70', 'Fat': '7g', 'Saturated Fat': '1.5g', 'Trans Fat': '0g', 'Cholesterol': '60mg', 'Sodium': '990mg', 'Carbohydrates': '50g', 'Dietary Fiber': '3g', 'Sugars': '13g', 'Protein': '30g'}","Fish, Soy, Wheat"
Chicken & More,Charbroiled Chicken,Charbroiled Santa Fe Chicken™ Sandwich,"Charbroiled Chicken Breast, Melted American Cheese, Mild Green Chile, Lettuce and Santa Fe Sauce on a Honey Wheat Bun.","{'Serving Size': '256g', 'Calories': '560', 'Calories from Fat': '250', 'Fat': '27g', 'Saturated Fat': '7g', 'Trans Fat': '0g', 'Cholesterol': '85mg', 'Sodium': '1290mg', 'Carbohydrates': '46g', 'Dietary Fiber': '3g', 'Sugars': '10g', 'Protein': '33g'}","Egg, Fish, Soy, Wheat"
Chicken & More,Charbroiled Chicken,Charbroiled Chicken Club™ Sandwich,"Charbroiled Chicken Breast, Two Strips of Bacon, Melted Swiss Cheese, Lettuce, Tomato and Mayonnaise on a Honey Wheat Bun.","{'Serving Size': '264g', 'Calories': '580', 'Calories from Fat': '260', 'Fat': '28g', 'Saturated Fat': '8g', 'Trans Fat': '0g', 'Cholesterol': '90mg', 'Sodium': '1290mg', 'Carbohydrates': '46g', 'Dietary Fiber': '2g', 'Sugars': '11g', 'Protein': '36g'}","Egg, Fish, Soy, Wheat"
Chicken & More,Hand-Breaded Chicken,Honey Mustard Dipping Sauce,,"{'Serving Size': '25g', 'Calories': '120', 'Calories from Fat': '110', 'Fat': '12g', 'Saturated Fat': '2g', 'Trans Fat': '0g', 'Cholesterol': '10mg', 'Sodium': '130mg', 'Carbohydrates': '4g', 'Dietary Fiber': '0g', 'Sugars': '3g', 'Protein': '0g'}",Egg
Chicken & More,Hand-Breaded Chicken,Buttermilk Ranch Dipping Sauce,,"{'Serving Size': '25g', 'Calories': '100', 'Calories from Fat': '90', 'Fat': '10g', 'Saturated Fat': '1.5g', 'Trans Fat': '0g', 'Cholesterol': '10mg', 'Sodium': '220mg', 'Carbohydrates': '2g', 'Dietary Fiber': '0g', 'Sugars': '2g', 'Protein': '0g'}","Egg, Milk"
Chicken & More,Hand-Breaded Chicken,Sweet & Bold BBQ Dipping Sauce,,"{'Serving Size': '25g', 'Calories': '50', 'Calories from Fat': '0', 'Fat': '0g', 'Saturated Fat': '0g', 'Trans Fat': '0g', 'Cholesterol': '0mg', 'Sodium': '190mg', 'Carbohydrates': '13g', 'Dietary Fiber': '0g', 'Sugars': '5g', 'Protein': '0g'}",
Chicken & More,Hand-Breaded Chicken,Kids Hand-Breaded Chicken Tenders™,"Two freshly prepared hand-breaded chicken tenders. Premium, all-white meat chicken hand dipped in buttermilk, lightly breaded and fried to a golden brown. Served with a choice of honey mustard, buttermilk ranch or sweet & bold BBQ dipping sauces.","{'Serving Size': '85g', 'Calories': '180', 'Calories from Fat': '80', 'Fat': '9g', 'Saturated Fat': '2g', 'Trans Fat': '0g', 'Cholesterol': '45mg', 'Sodium': '520mg', 'Carbohydrates': '9g', 'Dietary Fiber': '1g', 'Sugars': '0g', 'Protein': '16g'}","Egg, Milk, Wheat"
Chicken & More,Hand-Breaded Chicken,5 Piece - Hand-Breaded Chicken Tenders™,"Freshly prepared hand-breaded chicken tenders. Premium, all-white meat chicken, hand dipped in buttermilk, lightly breaded and fried to a golden brown. Served with a choice of honey mustard, buttermilk ranch or sweet & bold BBQ dipping sauces.","{'Serving Size': '213g', 'Calories': '440', 'Calories from Fat': '190', 'Fat': '21g', 'Saturated Fat': '4.5g', 'Trans Fat': '0g', 'Cholesterol': '115mg', 'Sodium': '1290mg', 'Carbohydrates': '21g', 'Dietary Fiber': '3g', 'Sugars': '0g', 'Protein': '41g'}","Egg, Milk, Soy, Wheat"
Chicken & More,Hand-Breaded Chicken,3 Piece - Hand-Breaded Chicken Tenders™,"Freshly prepared hand-breaded chicken tenders. Premium, all-white meat chicken, hand dipped in buttermilk, lightly breaded and fried to a golden brown. Served with a choice of honey mustard, buttermilk ranch or sweet & bold BBQ dipping sauces.","{'Serving Size': '128g', 'Calories': '260', 'Calories from Fat': '110', 'Fat': '13g', 'Saturated Fat': '2.5g', 'Trans Fat': '0g', 'Cholesterol': '70mg', 'Sodium': '770mg', 'Carbohydrates': '13g', 'Dietary Fiber': '2g', 'Sugars': '0g', 'Protein': '25g'}","Egg, Milk, Soy, Wheat"
Chicken & More,More Choices,The Bacon Swiss Crispy Chicken Fillet Sandwich ,"A Crispy Chicken Fillet dusted with Southern Spices, topped with Bacon, Swiss Cheese, Lettuce, Tomato, and Mayonnaise on a Premium Bun","{'Serving Size': '322g', 'Calories': '770', 'Calories from Fat': '360', 'Fat': '41g', 'Saturated Fat': '11g', 'Trans Fat': '0.5g', 'Cholesterol': '100mg', 'Sodium': '1980mg', 'Carbohydrates': '58g', 'Dietary Fiber': '3g', 'Sugars': '11g', 'Protein': '42g'}","Egg, Milk, Soy, Wheat"
Chicken & More,More Choices,The Big Chicken Fillet Sandwich,"A Crispy Chicken Fillet dusted with Southern Spices, topped with Lettuce, Tomato, and Mayonnaise on a Premium Bun","{'Serving Size': '288g', 'Calories': '650', 'Calories from Fat': '290', 'Fat': '33g', 'Saturated Fat': '6g', 'Trans Fat': '0g', 'Cholesterol': '70mg', 'Sodium': '1330mg', 'Carbohydrates': '55g', 'Dietary Fiber': '3g', 'Sugars': '9g', 'Protein': '33g'}","Egg, Milk, Soy, Wheat"
Charbroiled Burgers,,Jalapeño Double Cheeseburger,"The Jalapeño Double Cheeseburger features Santa Fe Sauce, Jalapeños, Pepperjack Cheese,  Two Charbroiled Beef Patties, Lettuce and Tomato ​all served on a 4” Plain Bun.","{'Serving Size': '265g', 'Calories': '580', 'Calories from Fat': '350', 'Fat': '39g', 'Saturated Fat': '13g', 'Trans Fat': '1g', 'Cholesterol': '85mg', 'Sodium': '1200mg', 'Carbohydrates': '36g', 'Dietary Fiber': '3g', 'Sugars': '7g', 'Protein': '22g'}","Egg, Wheat"
Charbroiled Burgers,,Double Cheeseburger,"Two charbroiled all-beef patties topped with American cheese, onions, ketchup, mustard, dill pickles on a plain bun.
 ","{'Serving Size': '171g', 'Calories': '390', 'Calories from Fat': '170', 'Fat': '19g', 'Saturated Fat': '8g', 'Trans Fat': '1g', 'Cholesterol': '60mg', 'Sodium': '860mg', 'Carbohydrates': '37g', 'Dietary Fiber': '2g', 'Sugars': '10g', 'Protein': '19g'}",Wheat
Charbroiled Burgers,,Big Hamburger,"Charbroiled All-Beef Patty, Dill Pickles, Onions, Mustard and Ketchup on a sesame seed bun. ","{'Serving Size': '203g', 'Calories': '480', 'Calories from Fat': '160', 'Fat': '18g', 'Saturated Fat': '8g', 'Trans Fat': '0.5g', 'Cholesterol': '50mg', 'Sodium': '870mg', 'Carbohydrates': '56g', 'Dietary Fiber': '3g', 'Sugars': '13g', 'Protein': '25g'}",Wheat
Charbroiled Burgers,,Kid's Hamburger ,"Charbroiled All-Beef Patty, Dill Pickles, Mustard and Ketchup on a Plain Bun.","{'Serving Size': '111g', 'Calories': '270', 'Calories from Fat': '90', 'Fat': '10g', 'Saturated Fat': '3.5g', 'Trans Fat': '0.5g', 'Cholesterol': '25mg', 'Sodium': '540mg', 'Carbohydrates': '33g', 'Dietary Fiber': '1g', 'Sugars': '7g', 'Protein': '11g'}",Wheat
Charbroiled Burgers,,Kid's Cheeseburger,"Charbroiled All-Beef Patty, American Cheese, Dill Pickles, Mustard and Ketchup on a Plain Bun. ","{'Serving Size': '127g', 'Calories': '330', 'Calories from Fat': '140', 'Fat': '15g', 'Saturated Fat': '7g', 'Trans Fat': '0.5g', 'Cholesterol': '40mg', 'Sodium': '810mg', 'Carbohydrates': '34g', 'Dietary Fiber': '1g', 'Sugars': '7g', 'Protein': '14g'}",Wheat
Charbroiled Burgers,,Guacamole Double Cheeseburger,"Two charbroiled all-beef patties, guacamole, Pepperjack cheese, tomato, and shredded lettuce on a plain bun.","{'Serving Size': '204g', 'Calories': '460', 'Calories from Fat': '230', 'Fat': '26g', 'Saturated Fat': '11g', 'Trans Fat': '0g', 'Cholesterol': '70mg', 'Sodium': '830mg', 'Carbohydrates': '34g', 'Dietary Fiber': '2g', 'Sugars': '5g', 'Protein': '21g'}",
Charbroiled Burgers,,The California Classic Double Cheeseburger,"Double meat, double cheese, grilled onions, thousand island, shredded lettuce and tomato on a plain bun.","{'Serving Size': '283g', 'Calories': '600', 'Calories from Fat': '350', 'Fat': '39g', 'Saturated Fat': '14g', 'Trans Fat': '1.5g', 'Cholesterol': '85mg', 'Sodium': '1100mg', 'Carbohydrates': '41g', 'Dietary Fiber': '2g', 'Sugars': '11g', 'Protein': '23g'}","Egg, Soy, Wheat"
Charbroiled Burgers,,The 1/3lb. Lettuce-Wrapped Thickburger®,"A 1/3lb. Charbroiled Black Angus Beef Patty, American Cheese, Two Slices of Tomato, Red Onions, Dill Pickles, Mustard, Mayonnaise and Ketchup Wrapped in Fresh Iceberg Whole-Leaf Lettuce.","{'Serving Size': '252g', 'Calories': '420', 'Calories from Fat': '300', 'Fat': '33g', 'Saturated Fat': '13g', 'Trans Fat': '1.5g', 'Cholesterol': '105mg', 'Sodium': '1060mg', 'Carbohydrates': '87g', 'Dietary Fiber': '2g', 'Sugars': '5g', 'Protein': '25g'}",Egg
Charbroiled Burgers,,The 1/2lb. Lettuce-Wrapped Thickburger®,"A 1/2lb. Charbroiled Black Angus Beef Patty, Two Slices of American Cheese, Two Slices of Tomato, Red Onions, Dill Pickles, Mustard, Mayonnaise and Ketchup Wrapped in Fresh Iceberg Whole-Leaf Lettuce.","{'Serving Size': '319g', 'Calories': '630', 'Calories from Fat': '450', 'Fat': '55g', 'Saturated Fat': '21g', 'Trans Fat': '2.5g', 'Cholesterol': '160mg', 'Sodium': '1630mg', 'Carbohydrates': '9g', 'Dietary Fiber': '1g', 'Sugars': '4g', 'Protein': '39g'}",Egg
Charbroiled Burgers,,The 1/2lb. Guacamole Bacon Thickburger®,"A 1/2lb. Charbroiled Black Angus Beef Patty, Guacamole, Two Strips of Bacon, Two Slices of Melted Pepperjack Cheese, Lettuce, Two Slices of Tomato, Red Onions, and Santa Fe Sauce, served on a premium bun.","{'Serving Size': '445g', 'Calories': '1200', 'Calories from Fat': '500', 'Fat': '89g', 'Saturated Fat': '30g', 'Trans Fat': '3g', 'Cholesterol': '165mg', 'Sodium': '1990mg', 'Carbohydrates': '51g', 'Dietary Fiber': '4g', 'Sugars': '12g', 'Protein': '46g'}","Egg, Milk, Soy, Wheat"
Charbroiled Burgers,,The 1/3lb. Guacamole Bacon Thickburger®,"A 1/3 lb. Charbroiled Angus Beef Patty, Guacamole, Two Strips of Bacon, Melted Pepper Jack Cheese, Lettuce, Two Slices of Tomato, Red Onions, and Santa Fe Sauce served on a premium bun.","{'Serving Size': '369g', 'Calories': '950', 'Calories from Fat': '600', 'Fat': '67g', 'Saturated Fat': '18g', 'Trans Fat': '2g', 'Cholesterol': '135mg', 'Sodium': '1810mg', 'Carbohydrates': '50g', 'Dietary Fiber': '3g', 'Sugars': '12g', 'Protein': '39g'}","Egg, Milk, Soy, Wheat"
Charbroiled Burgers,,The 1/2lb. Original Six Dollar Thickburger®,"A 1/2lb. Charbroiled Black Angus Beef Patty, Two Slices of Melted American Cheese, Lettuce, Two Slices of Tomato, Red Onions, Pickles, Mustard, Mayonnaise and Ketchup, served on a premium bun.","{'Serving Size': '401g', 'Calories': '980', 'Calories from Fat': '580', 'Fat': '64g', 'Saturated Fat': '23g', 'Trans Fat': '2.5g', 'Cholesterol': '165mg', 'Sodium': '2240mg', 'Carbohydrates': '58g', 'Dietary Fiber': '3g', 'Sugars': '13g', 'Protein': '47g'}","Egg, Milk, Soy, Wheat"
Charbroiled Burgers,,The 1/3lb. Original Six Dollar Thickburger®,"A 1/3lb. Charbroiled Angus Beef Patty, Melted American Cheese, Lettuce, Two Slices of Tomato, Red Onions, Pickles, Mustard, Mayonnaise and Ketchup, served on a Premium Bun.","{'Serving Size': '338g', 'Calories': '780', 'Calories from Fat': '430', 'Fat': '48g', 'Saturated Fat': '15g', 'Trans Fat': '2g', 'Cholesterol': '140mg', 'Sodium': '1380mg', 'Carbohydrates': '56g', 'Dietary Fiber': '3g', 'Sugars': '12g', 'Protein': '47g'}",Egg
Charbroiled Burgers,,The Really Big Carl®,"Three charbroiled beef patties, our classic sauce, three slices of American cheese, and lettuce all on a seeded bun.","{'Serving Size': '0g', 'Calories': '0', 'Calories from Fat': '0', 'Fat': '0g', 'Saturated Fat': '0g', 'Trans Fat': '0g', 'Cholesterol': '0mg', 'Sodium': '0mg', 'Carbohydrates': '0g', 'Dietary Fiber': '0g', 'Sugars': '0g', 'Protein': '0g'}",
Charbroiled Burgers,,The Big Carl®,"Two charbroiled beef patties, our classic sauce, two slices of American cheese, and lettuce all on a seeded bun.","{'Serving Size': '321g', 'Calories': '920', 'Calories from Fat': '520', 'Fat': '58g', 'Saturated Fat': '23g', 'Trans Fat': '2g', 'Cholesterol': '140mg', 'Sodium': '1380mg', 'Carbohydrates': '56g', 'Dietary Fiber': '3g', 'Sugars': '12g', 'Protein': '47g'}","Egg, Wheat"
Charbroiled Burgers,,Beyond BBQ Cheeseburger,"Our 100% plant-based Beyond Burger™, charbroiled over an open flame and topped with melted American cheese, two crispy onion rings and with our tangy BBQ sauce on a toasted seeded bun.","{'Serving Size': '0g', 'Calories': '0', 'Calories from Fat': '0', 'Fat': '0g', 'Saturated Fat': '0g', 'Trans Fat': '0g', 'Cholesterol': '0mg', 'Sodium': '0mg', 'Carbohydrates': '0g', 'Dietary Fiber': '0g', 'Sugars': '0g', 'Protein': '0g'}",
Charbroiled Burgers,,Double Western Bacon Cheeseburger®,"Two Charbroiled All-Beef Patties, Two Strips of Bacon, Two Slices of Melted American Cheese, Crispy Onion Rings and Tangy BBQ Sauce on a seeded bun.","{'Serving Size': '332g', 'Calories': '1010', 'Calories from Fat': '490', 'Fat': '55g', 'Saturated Fat': '24g', 'Trans Fat': '2g', 'Cholesterol': '150mg', 'Sodium': '1980mg', 'Carbohydrates': '76g', 'Dietary Fiber': '4g', 'Sugars': '16g', 'Protein': '55g'}","Milk, Soy, Wheat"
Charbroiled Burgers,,Western Bacon Cheeseburger ®,"Charbroiled All-Beef Patty, Two Strips of Bacon, Melted American Cheese, Two Crispy Onion Rings and Tangy BBQ Sauce on a seeded bun.","{'Serving Size': '250g', 'Calories': '750', 'Calories from Fat': '320', 'Fat': '35g', 'Saturated Fat': '14g', 'Trans Fat': '1g', 'Cholesterol': '80mg', 'Sodium': '1650mg', 'Carbohydrates': '75g', 'Dietary Fiber': '4g', 'Sugars': '16g', 'Protein': '36g'}","Milk, Soy, Wheat"
Charbroiled Burgers,,Super Star® with Cheese,"Two Charbroiled All-Beef Patties, Two Slices of American Cheese, Lettuce, Two Slices of Tomato, Sliced Onions, Dill Pickles, Special Sauce, and Mayonnaise on a seeded bun.","{'Serving Size': '390g', 'Calories': '920', 'Calories from Fat': '510', 'Fat': '56g', 'Saturated Fat': '23g', 'Trans Fat': '2g', 'Cholesterol': '140mg', 'Sodium': '1540mg', 'Carbohydrates': '59g', 'Dietary Fiber': '4g', 'Sugars': '13g', 'Protein': '48g'}","Egg, Wheat"
Charbroiled Burgers,,Famous Star® with Cheese ,"Charbroiled All-Beef Patty, Melted American Cheese, Lettuce, Tomato, Sliced Onions, Dill Pickles, Special Sauce, and Mayonnaise on a seeded bun.","{'Serving Size': '284g', 'Calories': '670', 'Calories from Fat': '330', 'Fat': '37g', 'Saturated Fat': '13g', 'Trans Fat': '1g', 'Cholesterol': '75mg', 'Sodium': '1210mg', 'Carbohydrates': '57g', 'Dietary Fiber': '3g', 'Sugars': '12g', 'Protein': '28g'}","Egg, Wheat"
Charbroiled Burgers,,Beyond Famous Star® with cheese,The new Beyond Famous Star features a 100% plant based Beyond Burger® patty on our iconic Famous Star® build. It’s a healthier option especially for those that do not want to sacrifice burgers but want to eat less meat. ,"{'Serving Size': '311g', 'Calories': '710', 'Calories from Fat': '360', 'Fat': '40g', 'Saturated Fat': '0g', 'Trans Fat': '0g', 'Cholesterol': '30mg', 'Sodium': '1550mg', 'Carbohydrates': '61g', 'Dietary Fiber': '5g', 'Sugars': '12g', 'Protein': '30g'}","Egg, Milk, Peas, Wheat"
Breakfast,Burritos and more,The Breakfast Burger™,"Charbroiled All-Beef Patty, Egg, Bacon, American Cheese, Hash Rounds®, and Ketchup on a seeded bun.","{'Serving Size': '256g', 'Calories': '730', 'Calories from Fat': '390', 'Fat': '43g', 'Saturated Fat': '16g', 'Trans Fat': '1g', 'Cholesterol': '240mg', 'Sodium': '1290mg', 'Carbohydrates': '47g', 'Dietary Fiber': '3g', 'Sugars': '10g', 'Protein': '37g'}","Egg, Soy, Wheat"
Breakfast,Burritos and more,Bacon & Egg Burrito,"Scrambled Eggs, Two Strips of Bacon, Shredded Cheese, Wrapped in a Warm Flour Tortilla.","{'Serving Size': '207g', 'Calories': '570', 'Calories from Fat': '30', 'Fat': '35g', 'Saturated Fat': '125g', 'Trans Fat': '0g', 'Cholesterol': '360mg', 'Sodium': '1000mg', 'Carbohydrates': '32g', 'Dietary Fiber': '1g', 'Sugars': '1g', 'Protein': '29g'}","Egg, Soy, Wheat"
